Input Text,Reasoning,Final Answer,flag,username,timestamp
,,,,,2023-05-19 16:59:37.653594
Where was the first president of South Korean born?,"### Input:
What is the population of the country that won World Cup 2022?

### Response:
Question: What is the population of the country that won World Cup 2022?
Thought: The World Cup 2022 was won by the country Qatar. The population of Qatar is approximately 2.8 million.
Action: Google Search
Action Input: ""population of qatar""
Observation: 2.688 million (2021)
Thought: The population of Qatar is approximately 2.688 million.
Action: Google Search
Action Input: ""population of qatar 2022""
Observation: Population Pyramids: Qatar - 2022. Total population of Qatar 2022 ; 2017, 2.74 ; 2018, 2.78 ; 2019, 2.81 ; 2020, 2.82 ; 2021, 2.83. What is the population of Qatar 2022? - Demographics and Religion. Doha Main Roads. The population of Qatar is 2,995,469, mostly made up of expatriates.
Thought: The population of Qatar in 2022 is approximately 2.83 million.
Action: Google Search
Action Input: ""population of qatar 2022""
Observation: The total population of Qatar in 2022 is estimated to be 2.97 million, making it the 158th most populous country in the world.
Thought: The population of Qatar in 2022 is estimated to be 2.97 million.
Final Answer: The population of Qatar in 2022 is estimated to be 2.97 million.",The population of Qatar in 2022 is estimated to be 2.97 million.,,,2023-05-19 18:19:10.933090
